,Year,City,Median Income
0,2018,"Albany, NY",45500
1,2017,"Albany, NY",43790
2,2016,"Albany, NY",42335
3,2015,"Albany, NY",40949
4,2014,"Albany, NY",41099
5,2013,"Albany, NY",40287
6,2018,"Albany, NY",45500
7,2017,"Albany, NY",43790
8,2016,"Albany, NY",42335
9,2015,"Albany, NY",40949
10,2014,"Albany, NY",41099
11,2013,"Albany, NY",40287
12,2018,"Albany, NY",45500
13,2017,"Albany, NY",43790
14,2016,"Albany, NY",42335
15,2015,"Albany, NY",40949
16,2014,"Albany, NY",41099
17,2013,"Albany, NY",40287
18,2018,"Albany, NY",45500
19,2017,"Albany, NY",43790
20,2016,"Albany, NY",42335
21,2015,"Albany, NY",40949
22,2014,"Albany, NY",41099
23,2013,"Albany, NY",40287
24,2018,"Albany, NY",45500
25,2017,"Albany, NY",43790
26,2016,"Albany, NY",42335
27,2015,"Albany, NY",40949
28,2014,"Albany, NY",41099
29,2013,"Albany, NY",40287
30,2018,"Albany, NY",45500
31,2017,"Albany, NY",43790
32,2016,"Albany, NY",42335
33,2015,"Albany, NY",40949
34,2014,"Albany, NY",41099
35,2013,"Albany, NY",40287
36,2018,"Atlanta, GA",65345
37,2017,"Atlanta, GA",57597
38,2016,"Atlanta, GA",53843
39,2015,"Atlanta, GA",50210
40,2014,"Atlanta, GA",46777
41,2013,"Atlanta, GA",46485
42,2018,"Atlanta, GA",65345
43,2017,"Atlanta, GA",57597
44,2016,"Atlanta, GA",53843
45,2015,"Atlanta, GA",50210
46,2014,"Atlanta, GA",46777
47,2013,"Atlanta, GA",46485
48,2018,"Atlanta, GA",65345
49,2017,"Atlanta, GA",57597
50,2016,"Atlanta, GA",53843
51,2015,"Atlanta, GA",50210
52,2014,"Atlanta, GA",46777
53,2013,"Atlanta, GA",46485
54,2018,"Atlanta, GA",65345
55,2017,"Atlanta, GA",57597
56,2016,"Atlanta, GA",53843
57,2015,"Atlanta, GA",50210
58,2014,"Atlanta, GA",46777
59,2013,"Atlanta, GA",46485
60,2018,"Atlanta, GA",65345
61,2017,"Atlanta, GA",57597
62,2016,"Atlanta, GA",53843
63,2015,"Atlanta, GA",50210
64,2014,"Atlanta, GA",46777
65,2013,"Atlanta, GA",46485
66,2018,"Atlanta, GA",65345
67,2017,"Atlanta, GA",57597
68,2016,"Atlanta, GA",53843
69,2015,"Atlanta, GA",50210
70,2014,"Atlanta, GA",46777
71,2013,"Atlanta, GA",46485
72,2018,"Atlanta, GA",65345
73,2017,"Atlanta, GA",57597
74,2016,"Atlanta, GA",53843
75,2015,"Atlanta, GA",50210
76,2014,"Atlanta, GA",46777
77,2013,"Atlanta, GA",46485
78,2018,"Atlanta, GA",65345
79,2017,"Atlanta, GA",57597
80,2016,"Atlanta, GA",53843
81,2015,"Atlanta, GA",50210
82,2014,"Atlanta, GA",46777
83,2013,"Atlanta, GA",46485
84,2018,"Atlanta, GA",65345
85,2017,"Atlanta, GA",57597
86,2016,"Atlanta, GA",53843
87,2015,"Atlanta, GA",50210
88,2014,"Atlanta, GA",46777
89,2013,"Atlanta, GA",46485
90,2018,"Atlanta, GA",65345
91,2017,"Atlanta, GA",57597
92,2016,"Atlanta, GA",53843
93,2015,"Atlanta, GA",50210
94,2014,"Atlanta, GA",46777
95,2013,"Atlanta, GA",46485
96,2018,"Atlanta, GA",65345
97,2017,"Atlanta, GA",57597
98,2016,"Atlanta, GA",53843
99,2015,"Atlanta, GA",50210
100,2014,"Atlanta, GA",46777
101,2013,"Atlanta, GA",46485
102,2018,"Atlanta, GA",65345
103,2017,"Atlanta, GA",57597
104,2016,"Atlanta, GA",53843
105,2015,"Atlanta, GA",50210
106,2014,"Atlanta, GA",46777
107,2013,"Atlanta, GA",46485
108,2018,"Boise City, ID",56798
109,2017,"Boise City, ID",54547
110,2016,"Boise City, ID",52249
111,2015,"Boise City, ID",50323
112,2014,"Boise City, ID",49209
113,2013,"Boise City, ID",48524
114,2018,"Boise City, ID",56798
115,2017,"Boise City, ID",54547
116,2016,"Boise City, ID",52249
117,2015,"Boise City, ID",50323
118,2014,"Boise City, ID",49209
119,2013,"Boise City, ID",48524
120,2018,"Boise City, ID",56798
121,2017,"Boise City, ID",54547
122,2016,"Boise City, ID",52249
123,2015,"Boise City, ID",50323
124,2014,"Boise City, ID",49209
125,2013,"Boise City, ID",48524
126,2018,"Boise City, ID",56798
127,2017,"Boise City, ID",54547
128,2016,"Boise City, ID",52249
129,2015,"Boise City, ID",50323
130,2014,"Boise City, ID",49209
131,2013,"Boise City, ID",48524
132,2018,"Boise City, ID",56798
133,2017,"Boise City, ID",54547
134,2016,"Boise City, ID",52249
135,2015,"Boise City, ID",50323
136,2014,"Boise City, ID",49209
137,2013,"Boise City, ID",48524
138,2018,"Boise City, ID",56798
139,2017,"Boise City, ID",54547
140,2016,"Boise City, ID",52249
141,2015,"Boise City, ID",50323
142,2014,"Boise City, ID",49209
143,2013,"Boise City, ID",48524
144,2018,"Boston, MA",71834
145,2017,"Boston, MA",66758
146,2016,"Boston, MA",63621
147,2015,"Boston, MA",58263
148,2014,"Boston, MA",56902
149,2013,"Boston, MA",53583
150,2018,"Boston, MA",71834
151,2017,"Boston, MA",66758
152,2016,"Boston, MA",63621
153,2015,"Boston, MA",58263
154,2014,"Boston, MA",56902
155,2013,"Boston, MA",53583
156,2018,"Boston, MA",71834
157,2017,"Boston, MA",66758
158,2016,"Boston, MA",63621
159,2015,"Boston, MA",58263
160,2014,"Boston, MA",56902
161,2013,"Boston, MA",53583
162,2018,"Boston, MA",71834
163,2017,"Boston, MA",66758
164,2016,"Boston, MA",63621
165,2015,"Boston, MA",58263
166,2014,"Boston, MA",56902
167,2013,"Boston, MA",53583
168,2018,"Boston, MA",71834
169,2017,"Boston, MA",66758
170,2016,"Boston, MA",63621
171,2015,"Boston, MA",58263
172,2014,"Boston, MA",56902
173,2013,"Boston, MA",53583
174,2018,"Boston, MA",71834
175,2017,"Boston, MA",66758
176,2016,"Boston, MA",63621
177,2015,"Boston, MA",58263
178,2014,"Boston, MA",56902
179,2013,"Boston, MA",53583
180,2018,"Buffalo, NY",37359
181,2017,"Buffalo, NY",34814
182,2016,"Buffalo, NY",32883
183,2015,"Buffalo, NY",32509
184,2014,"Buffalo, NY",31919
185,2013,"Buffalo, NY",32392
186,2018,"Buffalo, NY",37359
187,2017,"Buffalo, NY",34814
188,2016,"Buffalo, NY",32883
189,2015,"Buffalo, NY",32509
190,2014,"Buffalo, NY",31919
191,2013,"Buffalo, NY",32392
192,2018,"Buffalo, NY",37359
193,2017,"Buffalo, NY",34814
194,2016,"Buffalo, NY",32883
195,2015,"Buffalo, NY",32509
196,2014,"Buffalo, NY",31919
197,2013,"Buffalo, NY",32392
198,2018,"Buffalo, NY",37359
199,2017,"Buffalo, NY",34814
200,2016,"Buffalo, NY",32883
201,2015,"Buffalo, NY",32509
202,2014,"Buffalo, NY",31919
203,2013,"Buffalo, NY",32392
204,2018,"Buffalo, NY",37359
205,2017,"Buffalo, NY",34814
206,2016,"Buffalo, NY",32883
207,2015,"Buffalo, NY",32509
208,2014,"Buffalo, NY",31919
209,2013,"Buffalo, NY",32392
210,2018,"Buffalo, NY",37359
211,2017,"Buffalo, NY",34814
212,2016,"Buffalo, NY",32883
213,2015,"Buffalo, NY",32509
214,2014,"Buffalo, NY",31919
215,2013,"Buffalo, NY",32392
216,2018,"Charlotte, NC",60764
217,2017,"Charlotte, NC",61350
218,2016,"Charlotte, NC",61017
219,2015,"Charlotte, NC",53919
220,2014,"Charlotte, NC",55178
221,2013,"Charlotte, NC",51034
222,2018,"Charlotte, NC",60764
223,2017,"Charlotte, NC",61350
224,2016,"Charlotte, NC",61017
225,2015,"Charlotte, NC",53919
226,2014,"Charlotte, NC",55178
227,2013,"Charlotte, NC",51034
228,2018,"Charlotte, NC",60764
229,2017,"Charlotte, NC",61350
230,2016,"Charlotte, NC",61017
231,2015,"Charlotte, NC",53919
232,2014,"Charlotte, NC",55178
233,2013,"Charlotte, NC",51034
234,2018,"Charlotte, NC",60764
235,2017,"Charlotte, NC",61350
236,2016,"Charlotte, NC",61017
237,2015,"Charlotte, NC",53919
238,2014,"Charlotte, NC",55178
239,2013,"Charlotte, NC",51034
240,2018,"Charlotte, NC",60764
241,2017,"Charlotte, NC",61350
242,2016,"Charlotte, NC",61017
243,2015,"Charlotte, NC",53919
244,2014,"Charlotte, NC",55178
245,2013,"Charlotte, NC",51034
246,2018,"Charlotte, NC",60764
247,2017,"Charlotte, NC",61350
248,2016,"Charlotte, NC",61017
249,2015,"Charlotte, NC",53919
250,2014,"Charlotte, NC",55178
251,2013,"Charlotte, NC",51034
252,2018,"Chicago, IL",57238
253,2017,"Chicago, IL",55295
254,2016,"Chicago, IL",53006
255,2015,"Chicago, IL",50702
256,2014,"Chicago, IL",48734
257,2013,"Chicago, IL",47099
258,2018,"Chicago, IL",57238
259,2017,"Chicago, IL",55295
260,2016,"Chicago, IL",53006
261,2015,"Chicago, IL",50702
262,2014,"Chicago, IL",48734
263,2013,"Chicago, IL",47099
264,2018,"Chicago, IL",57238
265,2017,"Chicago, IL",55295
266,2016,"Chicago, IL",53006
267,2015,"Chicago, IL",50702
268,2014,"Chicago, IL",48734
269,2013,"Chicago, IL",47099
270,2018,"Chicago, IL",57238
271,2017,"Chicago, IL",55295
272,2016,"Chicago, IL",53006
273,2015,"Chicago, IL",50702
274,2014,"Chicago, IL",48734
275,2013,"Chicago, IL",47099
276,2018,"Chicago, IL",57238
277,2017,"Chicago, IL",55295
278,2016,"Chicago, IL",53006
279,2015,"Chicago, IL",50702
280,2014,"Chicago, IL",48734
281,2013,"Chicago, IL",47099
282,2018,"Chicago, IL",57238
283,2017,"Chicago, IL",55295
284,2016,"Chicago, IL",53006
285,2015,"Chicago, IL",50702
286,2014,"Chicago, IL",48734
287,2013,"Chicago, IL",47099
288,2018,"Cincinnati, OH",43585
289,2017,"Cincinnati, OH",38938
290,2016,"Cincinnati, OH",38539
291,2015,"Cincinnati, OH",35001
292,2014,"Cincinnati, OH",32688
293,2013,"Cincinnati, OH",34605
294,2018,"Cincinnati, OH",43585
295,2017,"Cincinnati, OH",38938
296,2016,"Cincinnati, OH",38539
297,2015,"Cincinnati, OH",35001
298,2014,"Cincinnati, OH",32688
299,2013,"Cincinnati, OH",34605
300,2018,"Cincinnati, OH",43585
301,2017,"Cincinnati, OH",38938
302,2016,"Cincinnati, OH",38539
303,2015,"Cincinnati, OH",35001
304,2014,"Cincinnati, OH",32688
305,2013,"Cincinnati, OH",34605
306,2018,"Cincinnati, OH",43585
307,2017,"Cincinnati, OH",38938
308,2016,"Cincinnati, OH",38539
309,2015,"Cincinnati, OH",35001
310,2014,"Cincinnati, OH",32688
311,2013,"Cincinnati, OH",34605
312,2018,"Cincinnati, OH",43585
313,2017,"Cincinnati, OH",38938
314,2016,"Cincinnati, OH",38539
315,2015,"Cincinnati, OH",35001
316,2014,"Cincinnati, OH",32688
317,2013,"Cincinnati, OH",34605
318,2018,"Cincinnati, OH",43585
319,2017,"Cincinnati, OH",38938
320,2016,"Cincinnati, OH",38539
321,2015,"Cincinnati, OH",35001
322,2014,"Cincinnati, OH",32688
323,2013,"Cincinnati, OH",34605
324,2018,"Columbus, OH",52971
325,2017,"Columbus, OH",51708
326,2016,"Columbus, OH",49602
327,2015,"Columbus, OH",47401
328,2014,"Columbus, OH",46481
329,2013,"Columbus, OH",44426
330,2018,"Columbus, OH",52971
331,2017,"Columbus, OH",51708
332,2016,"Columbus, OH",49602
333,2015,"Columbus, OH",47401
334,2014,"Columbus, OH",46481
335,2013,"Columbus, OH",44426
336,2018,"Columbus, OH",52971
337,2017,"Columbus, OH",51708
338,2016,"Columbus, OH",49602
339,2015,"Columbus, OH",47401
340,2014,"Columbus, OH",46481
341,2013,"Columbus, OH",44426
342,2018,"Columbus, OH",52971
343,2017,"Columbus, OH",51708
344,2016,"Columbus, OH",49602
345,2015,"Columbus, OH",47401
346,2014,"Columbus, OH",46481
347,2013,"Columbus, OH",44426
348,2018,"Columbus, OH",52971
349,2017,"Columbus, OH",51708
350,2016,"Columbus, OH",49602
351,2015,"Columbus, OH",47401
352,2014,"Columbus, OH",46481
353,2013,"Columbus, OH",44426
354,2018,"Columbus, OH",52971
355,2017,"Columbus, OH",51708
356,2016,"Columbus, OH",49602
357,2015,"Columbus, OH",47401
358,2014,"Columbus, OH",46481
359,2013,"Columbus, OH",44426
360,2018,"Dallas, TX",52210
361,2017,"Dallas, TX",50627
362,2016,"Dallas, TX",47243
363,2015,"Dallas, TX",45918
364,2014,"Dallas, TX",43003
365,2013,"Dallas, TX",41978
366,2018,"Dallas, TX",52210
367,2017,"Dallas, TX",50627
368,2016,"Dallas, TX",47243
369,2015,"Dallas, TX",45918
370,2014,"Dallas, TX",43003
371,2013,"Dallas, TX",41978
372,2018,"Dallas, TX",52210
373,2017,"Dallas, TX",50627
374,2016,"Dallas, TX",47243
375,2015,"Dallas, TX",45918
376,2014,"Dallas, TX",43003
377,2013,"Dallas, TX",41978
378,2018,"Dallas, TX",52210
379,2017,"Dallas, TX",50627
380,2016,"Dallas, TX",47243
381,2015,"Dallas, TX",45918
382,2014,"Dallas, TX",43003
383,2013,"Dallas, TX",41978
384,2018,"Dallas, TX",52210
385,2017,"Dallas, TX",50627
386,2016,"Dallas, TX",47243
387,2015,"Dallas, TX",45918
388,2014,"Dallas, TX",43003
389,2013,"Dallas, TX",41978
390,2018,"Dallas, TX",52210
391,2017,"Dallas, TX",50627
392,2016,"Dallas, TX",47243
393,2015,"Dallas, TX",45918
394,2014,"Dallas, TX",43003
395,2013,"Dallas, TX",41978
396,2018,"Denver, CO",68377
397,2017,"Denver, CO",65224
398,2016,"Denver, CO",61105
399,2015,"Denver, CO",58003
400,2014,"Denver, CO",54941
401,2013,"Denver, CO",51089
402,2018,"Denver, CO",68377
403,2017,"Denver, CO",65224
404,2016,"Denver, CO",61105
405,2015,"Denver, CO",58003
406,2014,"Denver, CO",54941
407,2013,"Denver, CO",51089
408,2018,"Denver, CO",68377
409,2017,"Denver, CO",65224
410,2016,"Denver, CO",61105
411,2015,"Denver, CO",58003
412,2014,"Denver, CO",54941
413,2013,"Denver, CO",51089
414,2018,"Denver, CO",68377
415,2017,"Denver, CO",65224
416,2016,"Denver, CO",61105
417,2015,"Denver, CO",58003
418,2014,"Denver, CO",54941
419,2013,"Denver, CO",51089
420,2018,"Denver, CO",68377
421,2017,"Denver, CO",65224
422,2016,"Denver, CO",61105
423,2015,"Denver, CO",58003
424,2014,"Denver, CO",54941
425,2013,"Denver, CO",51089
426,2018,"Denver, CO",68377
427,2017,"Denver, CO",65224
428,2016,"Denver, CO",61105
429,2015,"Denver, CO",58003
430,2014,"Denver, CO",54941
431,2013,"Denver, CO",51089
432,2018,"Detroit, MI",31283
433,2017,"Detroit, MI",30344
434,2016,"Detroit, MI",28099
435,2015,"Detroit, MI",25980
436,2014,"Detroit, MI",25769
437,2013,"Detroit, MI",24820
438,2018,"Detroit, MI",31283
439,2017,"Detroit, MI",30344
440,2016,"Detroit, MI",28099
441,2015,"Detroit, MI",25980
442,2014,"Detroit, MI",25769
443,2013,"Detroit, MI",24820
444,2018,"Detroit, MI",31283
445,2017,"Detroit, MI",30344
446,2016,"Detroit, MI",28099
447,2015,"Detroit, MI",25980
448,2014,"Detroit, MI",25769
449,2013,"Detroit, MI",24820
450,2018,"Detroit, MI",31283
451,2017,"Detroit, MI",30344
452,2016,"Detroit, MI",28099
453,2015,"Detroit, MI",25980
454,2014,"Detroit, MI",25769
455,2013,"Detroit, MI",24820
456,2018,"Detroit, MI",31283
457,2017,"Detroit, MI",30344
458,2016,"Detroit, MI",28099
459,2015,"Detroit, MI",25980
460,2014,"Detroit, MI",25769
461,2013,"Detroit, MI",24820
462,2018,"Detroit, MI",31283
463,2017,"Detroit, MI",30344
464,2016,"Detroit, MI",28099
465,2015,"Detroit, MI",25980
466,2014,"Detroit, MI",25769
467,2013,"Detroit, MI",24820
468,2018,"Grand Rapids, MI",47173
469,2017,"Grand Rapids, MI",44369
470,2016,"Grand Rapids, MI",42019
471,2015,"Grand Rapids, MI",40355
472,2014,"Grand Rapids, MI",39913
473,2013,"Grand Rapids, MI",39227
474,2018,"Grand Rapids, MI",47173
475,2017,"Grand Rapids, MI",44369
476,2016,"Grand Rapids, MI",42019
477,2015,"Grand Rapids, MI",40355
478,2014,"Grand Rapids, MI",39913
479,2013,"Grand Rapids, MI",39227
480,2018,"Grand Rapids, MI",47173
481,2017,"Grand Rapids, MI",44369
482,2016,"Grand Rapids, MI",42019
483,2015,"Grand Rapids, MI",40355
484,2014,"Grand Rapids, MI",39913
485,2013,"Grand Rapids, MI",39227
486,2018,"Grand Rapids, MI",47173
487,2017,"Grand Rapids, MI",44369
488,2016,"Grand Rapids, MI",42019
489,2015,"Grand Rapids, MI",40355
490,2014,"Grand Rapids, MI",39913
491,2013,"Grand Rapids, MI",39227
492,2018,"Grand Rapids, MI",47173
493,2017,"Grand Rapids, MI",44369
494,2016,"Grand Rapids, MI",42019
495,2015,"Grand Rapids, MI",40355
496,2014,"Grand Rapids, MI",39913
497,2013,"Grand Rapids, MI",39227
498,2018,"Grand Rapids, MI",47173
499,2017,"Grand Rapids, MI",44369
500,2016,"Grand Rapids, MI",42019
501,2015,"Grand Rapids, MI",40355
502,2014,"Grand Rapids, MI",39913
503,2013,"Grand Rapids, MI",39227
504,2018,"Harrisburg, PA",37356
505,2017,"Harrisburg, PA",35300
506,2016,"Harrisburg, PA",32688
507,2015,"Harrisburg, PA",33289
508,2014,"Harrisburg, PA",32476
509,2013,"Harrisburg, PA",34216
510,2018,"Harrisburg, PA",37356
511,2017,"Harrisburg, PA",35300
512,2016,"Harrisburg, PA",32688
513,2015,"Harrisburg, PA",33289
514,2014,"Harrisburg, PA",32476
515,2013,"Harrisburg, PA",34216
516,2018,"Harrisburg, PA",37356
517,2017,"Harrisburg, PA",35300
518,2016,"Harrisburg, PA",32688
519,2015,"Harrisburg, PA",33289
520,2014,"Harrisburg, PA",32476
521,2013,"Harrisburg, PA",34216
522,2018,"Harrisburg, PA",37356
523,2017,"Harrisburg, PA",35300
524,2016,"Harrisburg, PA",32688
525,2015,"Harrisburg, PA",33289
526,2014,"Harrisburg, PA",32476
527,2013,"Harrisburg, PA",34216
528,2018,"Harrisburg, PA",37356
529,2017,"Harrisburg, PA",35300
530,2016,"Harrisburg, PA",32688
531,2015,"Harrisburg, PA",33289
532,2014,"Harrisburg, PA",32476
533,2013,"Harrisburg, PA",34216
534,2018,"Harrisburg, PA",37356
535,2017,"Harrisburg, PA",35300
536,2016,"Harrisburg, PA",32688
537,2015,"Harrisburg, PA",33289
538,2014,"Harrisburg, PA",32476
539,2013,"Harrisburg, PA",34216
540,2018,"Hartford, CT",34338
541,2017,"Hartford, CT",33841
542,2016,"Hartford, CT",32095
543,2015,"Hartford, CT",30630
544,2014,"Hartford, CT",29313
545,2013,"Hartford, CT",29430
546,2018,"Hartford, CT",34338
547,2017,"Hartford, CT",33841
548,2016,"Hartford, CT",32095
549,2015,"Hartford, CT",30630
550,2014,"Hartford, CT",29313
551,2013,"Hartford, CT",29430
552,2018,"Hartford, CT",34338
553,2017,"Hartford, CT",33841
554,2016,"Hartford, CT",32095
555,2015,"Hartford, CT",30630
556,2014,"Hartford, CT",29313
557,2013,"Hartford, CT",29430
558,2018,"Hartford, CT",34338
559,2017,"Hartford, CT",33841
560,2016,"Hartford, CT",32095
561,2015,"Hartford, CT",30630
562,2014,"Hartford, CT",29313
563,2013,"Hartford, CT",29430
564,2018,"Hartford, CT",34338
565,2017,"Hartford, CT",33841
566,2016,"Hartford, CT",32095
567,2015,"Hartford, CT",30630
568,2014,"Hartford, CT",29313
569,2013,"Hartford, CT",29430
570,2018,"Hartford, CT",34338
571,2017,"Hartford, CT",33841
572,2016,"Hartford, CT",32095
573,2015,"Hartford, CT",30630
574,2014,"Hartford, CT",29313
575,2013,"Hartford, CT",29430
576,2018,"Houston, TX",51203
577,2017,"Houston, TX",50896
578,2016,"Houston, TX",47793
579,2015,"Houston, TX",48064
580,2014,"Houston, TX",45460
581,2013,"Houston, TX",45353
582,2018,"Houston, TX",51203
583,2017,"Houston, TX",50896
584,2016,"Houston, TX",47793
585,2015,"Houston, TX",48064
586,2014,"Houston, TX",45460
587,2013,"Houston, TX",45353
588,2018,"Houston, TX",51203
589,2017,"Houston, TX",50896
590,2016,"Houston, TX",47793
591,2015,"Houston, TX",48064
592,2014,"Houston, TX",45460
593,2013,"Houston, TX",45353
594,2018,"Houston, TX",51203
595,2017,"Houston, TX",50896
596,2016,"Houston, TX",47793
597,2015,"Houston, TX",48064
598,2014,"Houston, TX",45460
599,2013,"Houston, TX",45353
600,2018,"Houston, TX",51203
601,2017,"Houston, TX",50896
602,2016,"Houston, TX",47793
603,2015,"Houston, TX",48064
604,2014,"Houston, TX",45460
605,2013,"Houston, TX",45353
606,2018,"Houston, TX",51203
607,2017,"Houston, TX",50896
608,2016,"Houston, TX",47793
609,2015,"Houston, TX",48064
610,2014,"Houston, TX",45460
611,2013,"Houston, TX",45353
612,2018,"Indianapolis city (balance), IN",47678
613,2017,"Indianapolis city (balance), IN",47225
614,2016,"Indianapolis city (balance), IN",44615
615,2015,"Indianapolis city (balance), IN",41278
616,2014,"Indianapolis city (balance), IN",42370
617,2013,"Indianapolis city (balance), IN",41361
618,2018,"Indianapolis city (balance), IN",47678
619,2017,"Indianapolis city (balance), IN",47225
620,2016,"Indianapolis city (balance), IN",44615
621,2015,"Indianapolis city (balance), IN",41278
622,2014,"Indianapolis city (balance), IN",42370
623,2013,"Indianapolis city (balance), IN",41361
624,2018,"Indianapolis city (balance), IN",47678
625,2017,"Indianapolis city (balance), IN",47225
626,2016,"Indianapolis city (balance), IN",44615
627,2015,"Indianapolis city (balance), IN",41278
628,2014,"Indianapolis city (balance), IN",42370
629,2013,"Indianapolis city (balance), IN",41361
630,2018,"Indianapolis city (balance), IN",47678
631,2017,"Indianapolis city (balance), IN",47225
632,2016,"Indianapolis city (balance), IN",44615
633,2015,"Indianapolis city (balance), IN",41278
634,2014,"Indianapolis city (balance), IN",42370
635,2013,"Indianapolis city (balance), IN",41361
636,2018,"Indianapolis city (balance), IN",47678
637,2017,"Indianapolis city (balance), IN",47225
638,2016,"Indianapolis city (balance), IN",44615
639,2015,"Indianapolis city (balance), IN",41278
640,2014,"Indianapolis city (balance), IN",42370
641,2013,"Indianapolis city (balance), IN",41361
642,2018,"Indianapolis city (balance), IN",47678
643,2017,"Indianapolis city (balance), IN",47225
644,2016,"Indianapolis city (balance), IN",44615
645,2015,"Indianapolis city (balance), IN",41278
646,2014,"Indianapolis city (balance), IN",42370
647,2013,"Indianapolis city (balance), IN",41361
648,2018,"Jacksonville, FL",54269
649,2017,"Jacksonville, FL",51497
650,2016,"Jacksonville, FL",51298
651,2015,"Jacksonville, FL",48239
652,2014,"Jacksonville, FL",44591
653,2013,"Jacksonville, FL",47424
654,2018,"Jacksonville, FL",54269
655,2017,"Jacksonville, FL",51497
656,2016,"Jacksonville, FL",51298
657,2015,"Jacksonville, FL",48239
658,2014,"Jacksonville, FL",44591
659,2013,"Jacksonville, FL",47424
660,2018,"Jacksonville, FL",54269
661,2017,"Jacksonville, FL",51497
662,2016,"Jacksonville, FL",51298
663,2015,"Jacksonville, FL",48239
664,2014,"Jacksonville, FL",44591
665,2013,"Jacksonville, FL",47424
666,2018,"Jacksonville, FL",54269
667,2017,"Jacksonville, FL",51497
668,2016,"Jacksonville, FL",51298
669,2015,"Jacksonville, FL",48239
670,2014,"Jacksonville, FL",44591
671,2013,"Jacksonville, FL",47424
672,2018,"Jacksonville, FL",54269
673,2017,"Jacksonville, FL",51497
674,2016,"Jacksonville, FL",51298
675,2015,"Jacksonville, FL",48239
676,2014,"Jacksonville, FL",44591
677,2013,"Jacksonville, FL",47424
678,2018,"Jacksonville, FL",54269
679,2017,"Jacksonville, FL",51497
680,2016,"Jacksonville, FL",51298
681,2015,"Jacksonville, FL",48239
682,2014,"Jacksonville, FL",44591
683,2013,"Jacksonville, FL",47424
684,2018,"Las Vegas, NV",53575
685,2017,"Las Vegas, NV",56699
686,2016,"Las Vegas, NV",51115
687,2015,"Las Vegas, NV",49676
688,2014,"Las Vegas, NV",50291
689,2013,"Las Vegas, NV",49289
690,2018,"Las Vegas, NV",53575
691,2017,"Las Vegas, NV",56699
692,2016,"Las Vegas, NV",51115
693,2015,"Las Vegas, NV",49676
694,2014,"Las Vegas, NV",50291
695,2013,"Las Vegas, NV",49289
696,2018,"Las Vegas, NV",53575
697,2017,"Las Vegas, NV",56699
698,2016,"Las Vegas, NV",51115
699,2015,"Las Vegas, NV",49676
700,2014,"Las Vegas, NV",50291
701,2013,"Las Vegas, NV",49289
702,2018,"Las Vegas, NV",53575
703,2017,"Las Vegas, NV",56699
704,2016,"Las Vegas, NV",51115
705,2015,"Las Vegas, NV",49676
706,2014,"Las Vegas, NV",50291
707,2013,"Las Vegas, NV",49289
708,2018,"Las Vegas, NV",53575
709,2017,"Las Vegas, NV",56699
710,2016,"Las Vegas, NV",51115
711,2015,"Las Vegas, NV",49676
712,2014,"Las Vegas, NV",50291
713,2013,"Las Vegas, NV",49289
714,2018,"Las Vegas, NV",53575
715,2017,"Las Vegas, NV",56699
716,2016,"Las Vegas, NV",51115
717,2015,"Las Vegas, NV",49676
718,2014,"Las Vegas, NV",50291
719,2013,"Las Vegas, NV",49289
720,2018,"Los Angeles, CA",62474
721,2017,"Los Angeles, CA",60197
722,2016,"Los Angeles, CA",54432
723,2015,"Los Angeles, CA",52024
724,2014,"Los Angeles, CA",50544
725,2013,"Los Angeles, CA",48466
726,2018,"Los Angeles, CA",62474
727,2017,"Los Angeles, CA",60197
728,2016,"Los Angeles, CA",54432
729,2015,"Los Angeles, CA",52024
730,2014,"Los Angeles, CA",50544
731,2013,"Los Angeles, CA",48466
732,2018,"Los Angeles, CA",62474
733,2017,"Los Angeles, CA",60197
734,2016,"Los Angeles, CA",54432
735,2015,"Los Angeles, CA",52024
736,2014,"Los Angeles, CA",50544
737,2013,"Los Angeles, CA",48466
738,2018,"Los Angeles, CA",62474
739,2017,"Los Angeles, CA",60197
740,2016,"Los Angeles, CA",54432
741,2015,"Los Angeles, CA",52024
742,2014,"Los Angeles, CA",50544
743,2013,"Los Angeles, CA",48466
744,2018,"Los Angeles, CA",62474
745,2017,"Los Angeles, CA",60197
746,2016,"Los Angeles, CA",54432
747,2015,"Los Angeles, CA",52024
748,2014,"Los Angeles, CA",50544
749,2013,"Los Angeles, CA",48466
750,2018,"Los Angeles, CA",62474
751,2017,"Los Angeles, CA",60197
752,2016,"Los Angeles, CA",54432
753,2015,"Los Angeles, CA",52024
754,2014,"Los Angeles, CA",50544
755,2013,"Los Angeles, CA",48466
756,2018,"Miami, FL",41818
757,2017,"Miami, FL",40327
758,2016,"Miami, FL",34901
759,2015,"Miami, FL",29989
760,2014,"Miami, FL",31917
761,2013,"Miami, FL",31070
762,2018,"Miami, FL",41818
763,2017,"Miami, FL",40327
764,2016,"Miami, FL",34901
765,2015,"Miami, FL",29989
766,2014,"Miami, FL",31917
767,2013,"Miami, FL",31070
768,2018,"Miami, FL",41818
769,2017,"Miami, FL",40327
770,2016,"Miami, FL",34901
771,2015,"Miami, FL",29989
772,2014,"Miami, FL",31917
773,2013,"Miami, FL",31070
774,2018,"Miami, FL",41818
775,2017,"Miami, FL",40327
776,2016,"Miami, FL",34901
777,2015,"Miami, FL",29989
778,2014,"Miami, FL",31917
779,2013,"Miami, FL",31070
780,2018,"Miami, FL",41818
781,2017,"Miami, FL",40327
782,2016,"Miami, FL",34901
783,2015,"Miami, FL",29989
784,2014,"Miami, FL",31917
785,2013,"Miami, FL",31070
786,2018,"Miami, FL",41818
787,2017,"Miami, FL",40327
788,2016,"Miami, FL",34901
789,2015,"Miami, FL",29989
790,2014,"Miami, FL",31917
791,2013,"Miami, FL",31070
792,2018,"Nashville, NC",54505
793,2017,"Nashville, NC",49656
794,2016,"Nashville, NC",45656
795,2015,"Nashville, NC",40277
796,2014,"Nashville, NC",48375
797,2013,"Nashville, NC",45018
798,2018,"Nashville, NC",54505
799,2017,"Nashville, NC",49656
800,2016,"Nashville, NC",45656
801,2015,"Nashville, NC",40277
802,2014,"Nashville, NC",48375
803,2013,"Nashville, NC",45018
804,2018,"Nashville, NC",54505
805,2017,"Nashville, NC",49656
806,2016,"Nashville, NC",45656
807,2015,"Nashville, NC",40277
808,2014,"Nashville, NC",48375
809,2013,"Nashville, NC",45018
810,2018,"Nashville, NC",54505
811,2017,"Nashville, NC",49656
812,2016,"Nashville, NC",45656
813,2015,"Nashville, NC",40277
814,2014,"Nashville, NC",48375
815,2013,"Nashville, NC",45018
816,2018,"Nashville, NC",54505
817,2017,"Nashville, NC",49656
818,2016,"Nashville, NC",45656
819,2015,"Nashville, NC",40277
820,2014,"Nashville, NC",48375
821,2013,"Nashville, NC",45018
822,2018,"Nashville, NC",54505
823,2017,"Nashville, NC",49656
824,2016,"Nashville, NC",45656
825,2015,"Nashville, NC",40277
826,2014,"Nashville, NC",48375
827,2013,"Nashville, NC",45018
828,2018,"New Orleans, LA",38423
829,2017,"New Orleans, LA",36999
830,2016,"New Orleans, LA",38681
831,2015,"New Orleans, LA",39077
832,2014,"New Orleans, LA",35504
833,2013,"New Orleans, LA",36631
834,2018,"New Orleans, LA",38423
835,2017,"New Orleans, LA",36999
836,2016,"New Orleans, LA",38681
837,2015,"New Orleans, LA",39077
838,2014,"New Orleans, LA",35504
839,2013,"New Orleans, LA",36631
840,2018,"New Orleans, LA",38423
841,2017,"New Orleans, LA",36999
842,2016,"New Orleans, LA",38681
843,2015,"New Orleans, LA",39077
844,2014,"New Orleans, LA",35504
845,2013,"New Orleans, LA",36631
846,2018,"New Orleans, LA",38423
847,2017,"New Orleans, LA",36999
848,2016,"New Orleans, LA",38681
849,2015,"New Orleans, LA",39077
850,2014,"New Orleans, LA",35504
851,2013,"New Orleans, LA",36631
852,2018,"New Orleans, LA",38423
853,2017,"New Orleans, LA",36999
854,2016,"New Orleans, LA",38681
855,2015,"New Orleans, LA",39077
856,2014,"New Orleans, LA",35504
857,2013,"New Orleans, LA",36631
858,2018,"New Orleans, LA",38423
859,2017,"New Orleans, LA",36999
860,2016,"New Orleans, LA",38681
861,2015,"New Orleans, LA",39077
862,2014,"New Orleans, LA",35504
863,2013,"New Orleans, LA",36631
864,2018,"New York, NY",63799
865,2017,"New York, NY",60879
866,2016,"New York, NY",58856
867,2015,"New York, NY",55752
868,2014,"New York, NY",52996
869,2013,"New York, NY",52223
870,2018,"New York, NY",63799
871,2017,"New York, NY",60879
872,2016,"New York, NY",58856
873,2015,"New York, NY",55752
874,2014,"New York, NY",52996
875,2013,"New York, NY",52223
876,2018,"New York, NY",63799
877,2017,"New York, NY",60879
878,2016,"New York, NY",58856
879,2015,"New York, NY",55752
880,2014,"New York, NY",52996
881,2013,"New York, NY",52223
882,2018,"New York, NY",63799
883,2017,"New York, NY",60879
884,2016,"New York, NY",58856
885,2015,"New York, NY",55752
886,2014,"New York, NY",52996
887,2013,"New York, NY",52223
888,2018,"New York, NY",63799
889,2017,"New York, NY",60879
890,2016,"New York, NY",58856
891,2015,"New York, NY",55752
892,2014,"New York, NY",52996
893,2013,"New York, NY",52223
894,2018,"New York, NY",63799
895,2017,"New York, NY",60879
896,2016,"New York, NY",58856
897,2015,"New York, NY",55752
898,2014,"New York, NY",52996
899,2013,"New York, NY",52223
900,2018,"Orlando, FL",51820
901,2017,"Orlando, FL",47594
902,2016,"Orlando, FL",46761
903,2015,"Orlando, FL",44804
904,2014,"Orlando, FL",41081
905,2013,"Orlando, FL",41345
906,2018,"Orlando, FL",51820
907,2017,"Orlando, FL",47594
908,2016,"Orlando, FL",46761
909,2015,"Orlando, FL",44804
910,2014,"Orlando, FL",41081
911,2013,"Orlando, FL",41345
912,2018,"Orlando, FL",51820
913,2017,"Orlando, FL",47594
914,2016,"Orlando, FL",46761
915,2015,"Orlando, FL",44804
916,2014,"Orlando, FL",41081
917,2013,"Orlando, FL",41345
918,2018,"Orlando, FL",51820
919,2017,"Orlando, FL",47594
920,2016,"Orlando, FL",46761
921,2015,"Orlando, FL",44804
922,2014,"Orlando, FL",41081
923,2013,"Orlando, FL",41345
924,2018,"Orlando, FL",51820
925,2017,"Orlando, FL",47594
926,2016,"Orlando, FL",46761
927,2015,"Orlando, FL",44804
928,2014,"Orlando, FL",41081
929,2013,"Orlando, FL",41345
930,2018,"Orlando, FL",51820
931,2017,"Orlando, FL",47594
932,2016,"Orlando, FL",46761
933,2015,"Orlando, FL",44804
934,2014,"Orlando, FL",41081
935,2013,"Orlando, FL",41345
936,2018,"Philadelphia, PA",46116
937,2017,"Philadelphia, PA",39759
938,2016,"Philadelphia, PA",41449
939,2015,"Philadelphia, PA",41233
940,2014,"Philadelphia, PA",39043
941,2013,"Philadelphia, PA",36836
942,2018,"Philadelphia, PA",46116
943,2017,"Philadelphia, PA",39759
944,2016,"Philadelphia, PA",41449
945,2015,"Philadelphia, PA",41233
946,2014,"Philadelphia, PA",39043
947,2013,"Philadelphia, PA",36836
948,2018,"Philadelphia, PA",46116
949,2017,"Philadelphia, PA",39759
950,2016,"Philadelphia, PA",41449
951,2015,"Philadelphia, PA",41233
952,2014,"Philadelphia, PA",39043
953,2013,"Philadelphia, PA",36836
954,2018,"Philadelphia, PA",46116
955,2017,"Philadelphia, PA",39759
956,2016,"Philadelphia, PA",41449
957,2015,"Philadelphia, PA",41233
958,2014,"Philadelphia, PA",39043
959,2013,"Philadelphia, PA",36836
960,2018,"Philadelphia, PA",46116
961,2017,"Philadelphia, PA",39759
962,2016,"Philadelphia, PA",41449
963,2015,"Philadelphia, PA",41233
964,2014,"Philadelphia, PA",39043
965,2013,"Philadelphia, PA",36836
966,2018,"Philadelphia, PA",46116
967,2017,"Philadelphia, PA",39759
968,2016,"Philadelphia, PA",41449
969,2015,"Philadelphia, PA",41233
970,2014,"Philadelphia, PA",39043
971,2013,"Philadelphia, PA",36836
972,2018,"Phoenix, AZ",57957
973,2017,"Phoenix, AZ",56696
974,2016,"Phoenix, AZ",52062
975,2015,"Phoenix, AZ",48452
976,2014,"Phoenix, AZ",47929
977,2013,"Phoenix, AZ",46601
978,2018,"Phoenix, AZ",57957
979,2017,"Phoenix, AZ",56696
980,2016,"Phoenix, AZ",52062
981,2015,"Phoenix, AZ",48452
982,2014,"Phoenix, AZ",47929
983,2013,"Phoenix, AZ",46601
984,2018,"Phoenix, AZ",57957
985,2017,"Phoenix, AZ",56696
986,2016,"Phoenix, AZ",52062
987,2015,"Phoenix, AZ",48452
988,2014,"Phoenix, AZ",47929
989,2013,"Phoenix, AZ",46601
990,2018,"Phoenix, AZ",57957
991,2017,"Phoenix, AZ",56696
992,2016,"Phoenix, AZ",52062
993,2015,"Phoenix, AZ",48452
994,2014,"Phoenix, AZ",47929
995,2013,"Phoenix, AZ",46601
996,2018,"Phoenix, AZ",57957
997,2017,"Phoenix, AZ",56696
998,2016,"Phoenix, AZ",52062
999,2015,"Phoenix, AZ",48452
1000,2014,"Phoenix, AZ",47929
1001,2013,"Phoenix, AZ",46601
1002,2018,"Phoenix, AZ",57957
1003,2017,"Phoenix, AZ",56696
1004,2016,"Phoenix, AZ",52062
1005,2015,"Phoenix, AZ",48452
1006,2014,"Phoenix, AZ",47929
1007,2013,"Phoenix, AZ",46601
1008,2018,"Pittsburgh, PA",47417
1009,2017,"Pittsburgh, PA",45851
1010,2016,"Pittsburgh, PA",44707
1011,2015,"Pittsburgh, PA",41293
1012,2014,"Pittsburgh, PA",41074
1013,2013,"Pittsburgh, PA",42004
1014,2018,"Pittsburgh, PA",47417
1015,2017,"Pittsburgh, PA",45851
1016,2016,"Pittsburgh, PA",44707
1017,2015,"Pittsburgh, PA",41293
1018,2014,"Pittsburgh, PA",41074
1019,2013,"Pittsburgh, PA",42004
1020,2018,"Pittsburgh, PA",47417
1021,2017,"Pittsburgh, PA",45851
1022,2016,"Pittsburgh, PA",44707
1023,2015,"Pittsburgh, PA",41293
1024,2014,"Pittsburgh, PA",41074
1025,2013,"Pittsburgh, PA",42004
1026,2018,"Pittsburgh, PA",47417
1027,2017,"Pittsburgh, PA",45851
1028,2016,"Pittsburgh, PA",44707
1029,2015,"Pittsburgh, PA",41293
1030,2014,"Pittsburgh, PA",41074
1031,2013,"Pittsburgh, PA",42004
1032,2018,"Pittsburgh, PA",47417
1033,2017,"Pittsburgh, PA",45851
1034,2016,"Pittsburgh, PA",44707
1035,2015,"Pittsburgh, PA",41293
1036,2014,"Pittsburgh, PA",41074
1037,2013,"Pittsburgh, PA",42004
1038,2018,"Pittsburgh, PA",47417
1039,2017,"Pittsburgh, PA",45851
1040,2016,"Pittsburgh, PA",44707
1041,2015,"Pittsburgh, PA",41293
1042,2014,"Pittsburgh, PA",41074
1043,2013,"Pittsburgh, PA",42004
1044,2018,"Portland, OR",73097
1045,2017,"Portland, OR",66187
1046,2016,"Portland, OR",62127
1047,2015,"Portland, OR",60892
1048,2014,"Portland, OR",54624
1049,2013,"Portland, OR",55571
1050,2018,"Portland, OR",73097
1051,2017,"Portland, OR",66187
1052,2016,"Portland, OR",62127
1053,2015,"Portland, OR",60892
1054,2014,"Portland, OR",54624
1055,2013,"Portland, OR",55571
1056,2018,"Portland, OR",73097
1057,2017,"Portland, OR",66187
1058,2016,"Portland, OR",62127
1059,2015,"Portland, OR",60892
1060,2014,"Portland, OR",54624
1061,2013,"Portland, OR",55571
1062,2018,"Portland, OR",73097
1063,2017,"Portland, OR",66187
1064,2016,"Portland, OR",62127
1065,2015,"Portland, OR",60892
1066,2014,"Portland, OR",54624
1067,2013,"Portland, OR",55571
1068,2018,"Portland, OR",73097
1069,2017,"Portland, OR",66187
1070,2016,"Portland, OR",62127
1071,2015,"Portland, OR",60892
1072,2014,"Portland, OR",54624
1073,2013,"Portland, OR",55571
1074,2018,"Portland, OR",73097
1075,2017,"Portland, OR",66187
1076,2016,"Portland, OR",62127
1077,2015,"Portland, OR",60892
1078,2014,"Portland, OR",54624
1079,2013,"Portland, OR",55571
1080,2018,"Raleigh, NC",65695
1081,2017,"Raleigh, NC",64660
1082,2016,"Raleigh, NC",64456
1083,2015,"Raleigh, NC",56910
1084,2014,"Raleigh, NC",53475
1085,2013,"Raleigh, NC",55170
1086,2018,"Raleigh, NC",65695
1087,2017,"Raleigh, NC",64660
1088,2016,"Raleigh, NC",64456
1089,2015,"Raleigh, NC",56910
1090,2014,"Raleigh, NC",53475
1091,2013,"Raleigh, NC",55170
1092,2018,"Raleigh, NC",65695
1093,2017,"Raleigh, NC",64660
1094,2016,"Raleigh, NC",64456
1095,2015,"Raleigh, NC",56910
1096,2014,"Raleigh, NC",53475
1097,2013,"Raleigh, NC",55170
1098,2018,"Raleigh, NC",65695
1099,2017,"Raleigh, NC",64660
1100,2016,"Raleigh, NC",64456
1101,2015,"Raleigh, NC",56910
1102,2014,"Raleigh, NC",53475
1103,2013,"Raleigh, NC",55170
1104,2018,"Raleigh, NC",65695
1105,2017,"Raleigh, NC",64660
1106,2016,"Raleigh, NC",64456
1107,2015,"Raleigh, NC",56910
1108,2014,"Raleigh, NC",53475
1109,2013,"Raleigh, NC",55170
1110,2018,"Raleigh, NC",65695
1111,2017,"Raleigh, NC",64660
1112,2016,"Raleigh, NC",64456
1113,2015,"Raleigh, NC",56910
1114,2014,"Raleigh, NC",53475
1115,2013,"Raleigh, NC",55170
1116,2018,"Richmond, VA",45117
1117,2017,"Richmond, VA",42356
1118,2016,"Richmond, VA",41187
1119,2015,"Richmond, VA",40758
1120,2014,"Richmond, VA",41331
1121,2013,"Richmond, VA",40496
1122,2018,"Richmond, VA",45117
1123,2017,"Richmond, VA",42356
1124,2016,"Richmond, VA",41187
1125,2015,"Richmond, VA",40758
1126,2014,"Richmond, VA",41331
1127,2013,"Richmond, VA",40496
1128,2018,"Richmond, VA",45117
1129,2017,"Richmond, VA",42356
1130,2016,"Richmond, VA",41187
1131,2015,"Richmond, VA",40758
1132,2014,"Richmond, VA",41331
1133,2013,"Richmond, VA",40496
1134,2018,"Richmond, VA",45117
1135,2017,"Richmond, VA",42356
1136,2016,"Richmond, VA",41187
1137,2015,"Richmond, VA",40758
1138,2014,"Richmond, VA",41331
1139,2013,"Richmond, VA",40496
1140,2018,"Richmond, VA",45117
1141,2017,"Richmond, VA",42356
1142,2016,"Richmond, VA",41187
1143,2015,"Richmond, VA",40758
1144,2014,"Richmond, VA",41331
1145,2013,"Richmond, VA",40496
1146,2018,"Richmond, VA",45117
1147,2017,"Richmond, VA",42356
1148,2016,"Richmond, VA",41187
1149,2015,"Richmond, VA",40758
1150,2014,"Richmond, VA",41331
1151,2013,"Richmond, VA",40496
1152,2018,"Roanoke, VA",43028
1153,2017,"Roanoke, VA",41483
1154,2016,"Roanoke, VA",39201
1155,2015,"Roanoke, VA",39930
1156,2014,"Roanoke, VA",39530
1157,2013,"Roanoke, VA",38145
1158,2018,"Roanoke, VA",43028
1159,2017,"Roanoke, VA",41483
1160,2016,"Roanoke, VA",39201
1161,2015,"Roanoke, VA",39930
1162,2014,"Roanoke, VA",39530
1163,2013,"Roanoke, VA",38145
1164,2018,"Roanoke, VA",43028
1165,2017,"Roanoke, VA",41483
1166,2016,"Roanoke, VA",39201
1167,2015,"Roanoke, VA",39930
1168,2014,"Roanoke, VA",39530
1169,2013,"Roanoke, VA",38145
1170,2018,"Roanoke, VA",43028
1171,2017,"Roanoke, VA",41483
1172,2016,"Roanoke, VA",39201
1173,2015,"Roanoke, VA",39930
1174,2014,"Roanoke, VA",39530
1175,2013,"Roanoke, VA",38145
1176,2018,"Roanoke, VA",43028
1177,2017,"Roanoke, VA",41483
1178,2016,"Roanoke, VA",39201
1179,2015,"Roanoke, VA",39930
1180,2014,"Roanoke, VA",39530
1181,2013,"Roanoke, VA",38145
1182,2018,"Roanoke, VA",43028
1183,2017,"Roanoke, VA",41483
1184,2016,"Roanoke, VA",39201
1185,2015,"Roanoke, VA",39930
1186,2014,"Roanoke, VA",39530
1187,2013,"Roanoke, VA",38145
1188,2018,"Sacramento, CA",65046
1189,2017,"Sacramento, CA",56943
1190,2016,"Sacramento, CA",55187
1191,2015,"Sacramento, CA",52151
1192,2014,"Sacramento, CA",48829
1193,2013,"Sacramento, CA",48034
1194,2018,"Sacramento, CA",65046
1195,2017,"Sacramento, CA",56943
1196,2016,"Sacramento, CA",55187
1197,2015,"Sacramento, CA",52151
1198,2014,"Sacramento, CA",48829
1199,2013,"Sacramento, CA",48034
1200,2018,"Sacramento, CA",65046
1201,2017,"Sacramento, CA",56943
1202,2016,"Sacramento, CA",55187
1203,2015,"Sacramento, CA",52151
1204,2014,"Sacramento, CA",48829
1205,2013,"Sacramento, CA",48034
1206,2018,"Sacramento, CA",65046
1207,2017,"Sacramento, CA",56943
1208,2016,"Sacramento, CA",55187
1209,2015,"Sacramento, CA",52151
1210,2014,"Sacramento, CA",48829
1211,2013,"Sacramento, CA",48034
1212,2018,"Sacramento, CA",65046
1213,2017,"Sacramento, CA",56943
1214,2016,"Sacramento, CA",55187
1215,2015,"Sacramento, CA",52151
1216,2014,"Sacramento, CA",48829
1217,2013,"Sacramento, CA",48034
1218,2018,"Sacramento, CA",65046
1219,2017,"Sacramento, CA",56943
1220,2016,"Sacramento, CA",55187
1221,2015,"Sacramento, CA",52151
1222,2014,"Sacramento, CA",48829
1223,2013,"Sacramento, CA",48034
1224,2018,"San Diego, CA",79646
1225,2017,"San Diego, CA",76662
1226,2016,"San Diego, CA",71481
1227,2015,"San Diego, CA",67871
1228,2014,"San Diego, CA",67799
1229,2013,"San Diego, CA",63456
1230,2018,"San Diego, CA",79646
1231,2017,"San Diego, CA",76662
1232,2016,"San Diego, CA",71481
1233,2015,"San Diego, CA",67871
1234,2014,"San Diego, CA",67799
1235,2013,"San Diego, CA",63456
1236,2018,"San Diego, CA",79646
1237,2017,"San Diego, CA",76662
1238,2016,"San Diego, CA",71481
1239,2015,"San Diego, CA",67871
1240,2014,"San Diego, CA",67799
1241,2013,"San Diego, CA",63456
1242,2018,"San Diego, CA",79646
1243,2017,"San Diego, CA",76662
1244,2016,"San Diego, CA",71481
1245,2015,"San Diego, CA",67871
1246,2014,"San Diego, CA",67799
1247,2013,"San Diego, CA",63456
1248,2018,"San Diego, CA",79646
1249,2017,"San Diego, CA",76662
1250,2016,"San Diego, CA",71481
1251,2015,"San Diego, CA",67871
1252,2014,"San Diego, CA",67799
1253,2013,"San Diego, CA",63456
1254,2018,"San Diego, CA",79646
1255,2017,"San Diego, CA",76662
1256,2016,"San Diego, CA",71481
1257,2015,"San Diego, CA",67871
1258,2014,"San Diego, CA",67799
1259,2013,"San Diego, CA",63456
1260,2018,"San Francisco, CA",112376
1261,2017,"San Francisco, CA",110816
1262,2016,"San Francisco, CA",103801
1263,2015,"San Francisco, CA",92094
1264,2014,"San Francisco, CA",85070
1265,2013,"San Francisco, CA",77485
1266,2018,"San Francisco, CA",112376
1267,2017,"San Francisco, CA",110816
1268,2016,"San Francisco, CA",103801
1269,2015,"San Francisco, CA",92094
1270,2014,"San Francisco, CA",85070
1271,2013,"San Francisco, CA",77485
1272,2018,"San Francisco, CA",112376
1273,2017,"San Francisco, CA",110816
1274,2016,"San Francisco, CA",103801
1275,2015,"San Francisco, CA",92094
1276,2014,"San Francisco, CA",85070
1277,2013,"San Francisco, CA",77485
1278,2018,"San Francisco, CA",112376
1279,2017,"San Francisco, CA",110816
1280,2016,"San Francisco, CA",103801
1281,2015,"San Francisco, CA",92094
1282,2014,"San Francisco, CA",85070
1283,2013,"San Francisco, CA",77485
1284,2018,"San Francisco, CA",112376
1285,2017,"San Francisco, CA",110816
1286,2016,"San Francisco, CA",103801
1287,2015,"San Francisco, CA",92094
1288,2014,"San Francisco, CA",85070
1289,2013,"San Francisco, CA",77485
1290,2018,"San Francisco, CA",112376
1291,2017,"San Francisco, CA",110816
1292,2016,"San Francisco, CA",103801
1293,2015,"San Francisco, CA",92094
1294,2014,"San Francisco, CA",85070
1295,2013,"San Francisco, CA",77485
1296,2018,"Seattle, WA",93481
1297,2017,"Seattle, WA",86822
1298,2016,"Seattle, WA",83476
1299,2015,"Seattle, WA",80349
1300,2014,"Seattle, WA",70975
1301,2013,"Seattle, WA",70172
1302,2018,"Seattle, WA",93481
1303,2017,"Seattle, WA",86822
1304,2016,"Seattle, WA",83476
1305,2015,"Seattle, WA",80349
1306,2014,"Seattle, WA",70975
1307,2013,"Seattle, WA",70172
1308,2018,"Seattle, WA",93481
1309,2017,"Seattle, WA",86822
1310,2016,"Seattle, WA",83476
1311,2015,"Seattle, WA",80349
1312,2014,"Seattle, WA",70975
1313,2013,"Seattle, WA",70172
1314,2018,"Seattle, WA",93481
1315,2017,"Seattle, WA",86822
1316,2016,"Seattle, WA",83476
1317,2015,"Seattle, WA",80349
1318,2014,"Seattle, WA",70975
1319,2013,"Seattle, WA",70172
1320,2018,"Seattle, WA",93481
1321,2017,"Seattle, WA",86822
1322,2016,"Seattle, WA",83476
1323,2015,"Seattle, WA",80349
1324,2014,"Seattle, WA",70975
1325,2013,"Seattle, WA",70172
1326,2018,"Seattle, WA",93481
1327,2017,"Seattle, WA",86822
1328,2016,"Seattle, WA",83476
1329,2015,"Seattle, WA",80349
1330,2014,"Seattle, WA",70975
1331,2013,"Seattle, WA",70172
1332,2018,"Spokane, WA",47822
1333,2017,"Spokane, WA",44768
1334,2016,"Spokane, WA",43274
1335,2015,"Spokane, WA",42386
1336,2014,"Spokane, WA",42814
1337,2013,"Spokane, WA",42092
1338,2018,"Spokane, WA",47822
1339,2017,"Spokane, WA",44768
1340,2016,"Spokane, WA",43274
1341,2015,"Spokane, WA",42386
1342,2014,"Spokane, WA",42814
1343,2013,"Spokane, WA",42092
1344,2018,"Spokane, WA",47822
1345,2017,"Spokane, WA",44768
1346,2016,"Spokane, WA",43274
1347,2015,"Spokane, WA",42386
1348,2014,"Spokane, WA",42814
1349,2013,"Spokane, WA",42092
1350,2018,"Spokane, WA",47822
1351,2017,"Spokane, WA",44768
1352,2016,"Spokane, WA",43274
1353,2015,"Spokane, WA",42386
1354,2014,"Spokane, WA",42814
1355,2013,"Spokane, WA",42092
1356,2018,"Spokane, WA",47822
1357,2017,"Spokane, WA",44768
1358,2016,"Spokane, WA",43274
1359,2015,"Spokane, WA",42386
1360,2014,"Spokane, WA",42814
1361,2013,"Spokane, WA",42092
1362,2018,"Spokane, WA",47822
1363,2017,"Spokane, WA",44768
1364,2016,"Spokane, WA",43274
1365,2015,"Spokane, WA",42386
1366,2014,"Spokane, WA",42814
1367,2013,"Spokane, WA",42092
1368,2018,"St. Louis, MO",43889
1369,2017,"St. Louis, MO",41441
1370,2016,"St. Louis, MO",40346
1371,2015,"St. Louis, MO",38397
1372,2014,"St. Louis, MO",35959
1373,2013,"St. Louis, MO",34488
1374,2018,"St. Louis, MO",43889
1375,2017,"St. Louis, MO",41441
1376,2016,"St. Louis, MO",40346
1377,2015,"St. Louis, MO",38397
1378,2014,"St. Louis, MO",35959
1379,2013,"St. Louis, MO",34488
1380,2018,"St. Louis, MO",43889
1381,2017,"St. Louis, MO",41441
1382,2016,"St. Louis, MO",40346
1383,2015,"St. Louis, MO",38397
1384,2014,"St. Louis, MO",35959
1385,2013,"St. Louis, MO",34488
1386,2018,"St. Louis, MO",43889
1387,2017,"St. Louis, MO",41441
1388,2016,"St. Louis, MO",40346
1389,2015,"St. Louis, MO",38397
1390,2014,"St. Louis, MO",35959
1391,2013,"St. Louis, MO",34488
1392,2018,"St. Louis, MO",43889
1393,2017,"St. Louis, MO",41441
1394,2016,"St. Louis, MO",40346
1395,2015,"St. Louis, MO",38397
1396,2014,"St. Louis, MO",35959
1397,2013,"St. Louis, MO",34488
1398,2018,"St. Louis, MO",43889
1399,2017,"St. Louis, MO",41441
1400,2016,"St. Louis, MO",40346
1401,2015,"St. Louis, MO",38397
1402,2014,"St. Louis, MO",35959
1403,2013,"St. Louis, MO",34488
1404,2018,"Syracuse, NY",36308
1405,2017,"Syracuse, NY",34716
1406,2016,"Syracuse, NY",32704
1407,2015,"Syracuse, NY",31881
1408,2014,"Syracuse, NY",31566
1409,2013,"Syracuse, NY",31365
1410,2018,"Syracuse, NY",36308
1411,2017,"Syracuse, NY",34716
1412,2016,"Syracuse, NY",32704
1413,2015,"Syracuse, NY",31881
1414,2014,"Syracuse, NY",31566
1415,2013,"Syracuse, NY",31365
1416,2018,"Syracuse, NY",36308
1417,2017,"Syracuse, NY",34716
1418,2016,"Syracuse, NY",32704
1419,2015,"Syracuse, NY",31881
1420,2014,"Syracuse, NY",31566
1421,2013,"Syracuse, NY",31365
1422,2018,"Syracuse, NY",36308
1423,2017,"Syracuse, NY",34716
1424,2016,"Syracuse, NY",32704
1425,2015,"Syracuse, NY",31881
1426,2014,"Syracuse, NY",31566
1427,2013,"Syracuse, NY",31365
1428,2018,"Syracuse, NY",36308
1429,2017,"Syracuse, NY",34716
1430,2016,"Syracuse, NY",32704
1431,2015,"Syracuse, NY",31881
1432,2014,"Syracuse, NY",31566
1433,2013,"Syracuse, NY",31365
1434,2018,"Syracuse, NY",36308
1435,2017,"Syracuse, NY",34716
1436,2016,"Syracuse, NY",32704
1437,2015,"Syracuse, NY",31881
1438,2014,"Syracuse, NY",31566
1439,2013,"Syracuse, NY",31365
1440,2018,"Tampa, FL",54599
1441,2017,"Tampa, FL",50489
1442,2016,"Tampa, FL",50405
1443,2015,"Tampa, FL",44432
1444,2014,"Tampa, FL",45709
1445,2013,"Tampa, FL",42649
1446,2018,"Tampa, FL",54599
1447,2017,"Tampa, FL",50489
1448,2016,"Tampa, FL",50405
1449,2015,"Tampa, FL",44432
1450,2014,"Tampa, FL",45709
1451,2013,"Tampa, FL",42649
1452,2018,"Tampa, FL",54599
1453,2017,"Tampa, FL",50489
1454,2016,"Tampa, FL",50405
1455,2015,"Tampa, FL",44432
1456,2014,"Tampa, FL",45709
1457,2013,"Tampa, FL",42649
1458,2018,"Tampa, FL",54599
1459,2017,"Tampa, FL",50489
1460,2016,"Tampa, FL",50405
1461,2015,"Tampa, FL",44432
1462,2014,"Tampa, FL",45709
1463,2013,"Tampa, FL",42649
1464,2018,"Tampa, FL",54599
1465,2017,"Tampa, FL",50489
1466,2016,"Tampa, FL",50405
1467,2015,"Tampa, FL",44432
1468,2014,"Tampa, FL",45709
1469,2013,"Tampa, FL",42649
1470,2018,"Tampa, FL",54599
1471,2017,"Tampa, FL",50489
1472,2016,"Tampa, FL",50405
1473,2015,"Tampa, FL",44432
1474,2014,"Tampa, FL",45709
1475,2013,"Tampa, FL",42649